venda_id,data_venda,cliente_id,produto_id,quantidade
1000,2025-06-09,82,102,1
1001,2025-07-25,95,105,1
1002,2025-03-24,29,103,3
1003,2025-03-13,14,109,1
1004,2025-06-22,76,107,1
1005,2025-02-14,4,102,1
1006,2025-04-22,30,109,3
1007,2025-02-16,4,109,1
1008,2025-06-24,92,109,2
1009,2025-05-31,29,108,3
1010,2025-06-13,36,101,1
1011,2025-07-16,90,107,2
1012,2025-02-16,36,103,1
1013,2025-04-24,98,106,1
1014,2025-03-01,12,107,1
1015,2025-06-11,46,106,3
1016,2025-03-27,34,101,3
1017,2025-07-22,59,109,1
1018,2025-02-02,49,102,3
1019,2025-02-05,38,110,2
1020,2025-03-31,74,104,3
1021,2025-07-01,9,101,3
1022,2025-02-07,30,105,1
1023,2025-03-25,30,102,2
1024,2025-04-07,36,108,3
1025,2025-04-10,47,103,2
1026,2025-04-21,46,104,3
1027,2025-02-25,35,102,3
1028,2025-03-16,82,103,3
1029,2025-05-11,94,104,1
1030,2025-04-18,60,107,2
1031,2025-05-17,82,109,1
1032,2025-06-09,88,106,1
1033,2025-06-30,30,101,2
1034,2025-03-03,52,105,1
1035,2025-03-02,28,110,3
1036,2025-03-02,41,104,3
1037,2025-02-12,64,107,3
1038,2025-05-26,59,103,2
1039,2025-07-16,18,104,3
1040,2025-04-12,72,109,2
1041,2025-05-28,96,110,2
1042,2025-06-09,75,107,2
1043,2025-03-15,29,103,3
1044,2025-05-04,64,102,1
1045,2025-07-24,15,103,3
1046,2025-05-21,21,107,3
1047,2025-02-24,9,107,2
1048,2025-03-14,77,108,3
1049,2025-04-27,33,109,1
1050,2025-05-31,88,102,3
1051,2025-03-18,69,105,3
1052,2025-04-27,44,102,2
1053,2025-03-18,56,103,2
1054,2025-06-06,1,105,3
1055,2025-01-29,98,103,3
1056,2025-07-21,14,105,3
1057,2025-07-03,65,110,1
1058,2025-04-28,20,106,1
1059,2025-07-21,70,109,1
1060,2025-03-24,77,106,2
1061,2025-06-08,3,102,2
1062,2025-05-14,40,104,1
1063,2025-02-27,31,110,1
1064,2025-02-11,11,108,1
1065,2025-04-23,98,109,1
1066,2025-04-05,17,108,3
1067,2025-05-22,22,105,3
1068,2025-03-27,78,107,1
1069,2025-06-01,70,104,3
1070,2025-04-20,40,107,3
1071,2025-06-11,84,106,2
1072,2025-03-17,67,108,1
1073,2025-04-26,32,104,1
1074,2025-07-11,44,101,3
1075,2025-03-27,71,104,3
1076,2025-03-07,29,101,1
1077,2025-04-12,91,101,1
1078,2025-07-12,9,101,2
1079,2025-05-01,10,109,1
1080,2025-02-17,36,108,1
1081,2025-03-15,70,103,3
1082,2025-04-12,74,110,2
1083,2025-05-19,32,108,2
1084,2025-04-07,25,102,1
1085,2025-05-19,85,107,2
1086,2025-03-26,55,107,2
1087,2025-06-12,94,101,3
1088,2025-03-26,84,102,1
1089,2025-02-01,52,106,1
1090,2025-07-08,32,104,1
1091,2025-06-04,69,108,1
1092,2025-04-14,55,103,2
1093,2025-03-22,60,104,1
1094,2025-01-29,57,109,1
1095,2025-05-17,7,109,1
1096,2025-07-14,12,104,1
1097,2025-06-10,53,108,2
1098,2025-06-28,28,107,1
1099,2025-06-21,22,107,1
1100,2025-02-06,50,105,2
1101,2025-07-23,37,107,3
1102,2025-05-25,94,109,3
1103,2025-06-21,92,108,1
1104,2025-05-04,25,105,1
1105,2025-07-08,8,110,3
1106,2025-07-22,70,101,3
1107,2025-07-22,41,101,1
1108,2025-03-24,75,108,3
1109,2025-06-27,68,103,1
1110,2025-07-02,66,102,1
1111,2025-03-13,9,110,1
1112,2025-05-25,87,104,2
1113,2025-07-02,16,110,1
1114,2025-04-06,75,110,1
1115,2025-03-11,80,102,2
1116,2025-05-31,85,110,3
1117,2025-03-05,67,106,2
1118,2025-05-28,27,106,1
1119,2025-03-17,34,107,1
1120,2025-06-08,86,105,2
1121,2025-06-23,41,102,1
1122,2025-06-16,59,110,3
1123,2025-06-26,13,102,3
1124,2025-06-05,28,109,2
1125,2025-06-09,17,106,1
1126,2025-07-09,32,106,2
1127,2025-02-23,21,108,3
1128,2025-05-29,91,105,3
1129,2025-02-15,84,109,1
1130,2025-07-22,86,109,2
1131,2025-05-29,85,102,1
1132,2025-06-02,34,102,1
1133,2025-02-04,96,109,1
1134,2025-03-28,35,105,3
1135,2025-06-30,27,106,1
1136,2025-04-23,88,105,3
1137,2025-02-03,63,105,1
1138,2025-05-20,12,107,2
1139,2025-04-08,6,101,2
1140,2025-06-19,99,103,3
1141,2025-02-22,34,103,3
1142,2025-02-14,57,109,3
1143,2025-07-23,55,109,1
1144,2025-03-26,15,102,3
1145,2025-04-01,20,109,1
1146,2025-06-22,48,110,3
1147,2025-04-18,19,107,1
1148,2025-03-03,6,105,2
1149,2025-03-07,6,106,1
1150,2025-02-22,88,104,3
1151,2025-06-29,14,106,3
1152,2025-05-12,53,110,3
1153,2025-07-17,20,104,1
1154,2025-04-09,23,107,1
1155,2025-05-11,23,106,2
1156,2025-05-05,86,104,2
1157,2025-07-24,21,102,2
1158,2025-03-21,5,108,1
1159,2025-07-08,26,108,2
1160,2025-02-28,40,104,1
1161,2025-03-18,4,104,2
1162,2025-07-24,43,105,1
1163,2025-07-07,99,105,2
1164,2025-05-01,83,109,2
1165,2025-07-03,87,109,2
1166,2025-03-26,4,102,2
1167,2025-06-21,23,110,2
1168,2025-07-16,5,102,3
1169,2025-04-03,56,106,3
1170,2025-07-03,41,107,3
1171,2025-02-19,66,102,2
1172,2025-04-28,74,104,2
1173,2025-02-11,6,107,1
1174,2025-02-24,67,109,3
1175,2025-06-23,93,104,2
1176,2025-03-12,56,102,3
1177,2025-07-14,43,110,2
1178,2025-06-08,85,102,3
1179,2025-06-17,39,109,2
1180,2025-06-07,86,107,2
1181,2025-04-15,52,105,3
1182,2025-07-11,17,104,2
1183,2025-07-03,86,107,3
1184,2025-05-16,96,103,3
1185,2025-04-09,73,105,2
1186,2025-02-14,71,101,2
1187,2025-06-30,37,104,2
1188,2025-04-14,75,110,3
1189,2025-01-30,42,108,2
1190,2025-03-20,57,104,3
1191,2025-05-12,61,103,3
1192,2025-02-20,11,105,3
1193,2025-04-26,85,110,2
1194,2025-04-09,12,104,3
1195,2025-06-07,40,104,1
1196,2025-06-22,19,101,1
1197,2025-06-07,32,108,3
1198,2025-03-19,99,102,2
1199,2025-05-21,54,110,1
1200,2025-04-11,92,107,2
1201,2025-07-06,52,104,1
1202,2025-05-31,84,101,1
1203,2025-07-29,100,107,1
1204,2025-04-10,23,109,2
1205,2025-02-18,7,109,1
1206,2025-06-08,16,108,1
1207,2025-03-14,60,109,3
1208,2025-04-29,77,106,2
1209,2025-02-01,79,109,2
1210,2025-05-28,71,108,1
1211,2025-07-18,96,108,2
1212,2025-05-17,34,104,3
1213,2025-04-01,36,109,2
1214,2025-07-24,81,104,2
1215,2025-05-26,57,102,3
1216,2025-03-11,37,104,2
1217,2025-06-02,43,106,3
1218,2025-02-09,11,103,1
1219,2025-05-31,30,107,3
1220,2025-07-06,20,104,1
1221,2025-04-28,54,107,2
1222,2025-07-23,70,108,2
1223,2025-06-13,8,104,2
1224,2025-03-27,50,110,3
1225,2025-06-03,3,110,2
1226,2025-04-17,62,101,2
1227,2025-02-19,39,107,2
1228,2025-02-24,69,109,3
1229,2025-02-05,29,108,1
1230,2025-02-04,35,107,2
1231,2025-03-28,4,107,2
1232,2025-05-03,86,107,3
1233,2025-02-19,22,108,1
1234,2025-02-15,80,109,1
1235,2025-03-14,51,110,3
1236,2025-07-19,85,101,1
1237,2025-05-12,83,107,1
1238,2025-02-23,60,103,1
1239,2025-04-13,34,107,2
1240,2025-04-26,28,108,2
1241,2025-04-10,44,107,2
1242,2025-06-07,97,107,2
1243,2025-06-21,11,108,1
1244,2025-06-12,96,109,1
1245,2025-05-12,45,104,3
1246,2025-04-19,9,101,1
1247,2025-05-22,32,104,1
1248,2025-06-21,80,103,1
1249,2025-06-18,17,108,3
1250,2025-02-27,15,110,1
1251,2025-07-18,60,105,2
1252,2025-04-18,22,110,3
1253,2025-06-04,96,102,1
1254,2025-02-16,40,102,3
1255,2025-07-08,4,105,3
1256,2025-05-03,87,107,2
1257,2025-05-27,92,104,1
1258,2025-04-17,76,104,1
1259,2025-07-29,90,105,3
1260,2025-03-23,77,102,3
1261,2025-02-03,6,106,3
1262,2025-06-11,55,106,1
1263,2025-04-09,65,106,1
1264,2025-03-11,54,108,1
1265,2025-04-24,56,106,3
1266,2025-04-24,59,103,2
1267,2025-03-14,23,109,3
1268,2025-07-13,35,110,3
1269,2025-04-08,100,108,2
1270,2025-02-16,56,110,2
1271,2025-06-10,42,104,1
1272,2025-04-09,36,108,1
1273,2025-05-13,97,108,3
1274,2025-07-22,79,107,2
1275,2025-06-02,4,108,2
1276,2025-04-07,24,108,1
1277,2025-02-08,46,105,2
1278,2025-04-15,36,110,3
1279,2025-03-22,36,109,1
1280,2025-03-05,67,104,1
1281,2025-02-20,31,107,2
1282,2025-07-11,72,104,3
1283,2025-07-07,61,108,2
1284,2025-04-26,3,102,2
1285,2025-02-14,29,107,3
1286,2025-06-05,32,105,3
1287,2025-03-10,75,106,2
1288,2025-06-01,71,109,2
1289,2025-06-01,55,109,2
1290,2025-05-23,46,108,2
1291,2025-02-01,40,105,1
1292,2025-02-06,16,104,2
1293,2025-06-29,16,109,3
1294,2025-04-02,24,104,1
1295,2025-03-16,95,108,2
1296,2025-02-21,93,110,3
1297,2025-06-29,77,105,1
1298,2025-05-17,25,105,1
1299,2025-03-08,47,103,2
1300,2025-02-10,2,109,1
1301,2025-07-08,36,101,1
1302,2025-06-25,71,105,3
1303,2025-05-15,17,108,1
1304,2025-03-09,2,110,2
1305,2025-05-21,61,108,2
1306,2025-03-10,44,103,1
1307,2025-07-04,33,108,1
1308,2025-07-15,9,107,2
1309,2025-03-14,10,110,3
1310,2025-04-01,88,101,1
1311,2025-06-27,20,110,2
1312,2025-02-25,11,104,1
1313,2025-06-30,72,107,3
1314,2025-07-21,77,110,1
1315,2025-05-23,100,109,2
1316,2025-01-28,58,108,2
1317,2025-03-22,76,107,2
1318,2025-07-13,73,110,1
1319,2025-02-25,79,102,1
1320,2025-02-22,81,104,2
1321,2025-05-12,85,102,1
1322,2025-03-17,31,103,3
1323,2025-07-02,10,103,1
1324,2025-03-02,53,108,3
1325,2025-02-18,77,108,2
1326,2025-06-05,5,104,2
1327,2025-07-15,91,105,3
1328,2025-02-02,59,102,3
1329,2025-02-22,30,105,3
1330,2025-01-30,76,104,2
1331,2025-04-07,15,109,1
1332,2025-06-30,83,103,2
1333,2025-06-30,19,102,1
1334,2025-03-15,22,105,3
1335,2025-05-22,96,110,2
1336,2025-03-31,57,102,2
1337,2025-01-31,89,105,3
1338,2025-03-02,52,105,3
1339,2025-03-20,70,108,2
1340,2025-02-07,11,110,1
1341,2025-02-21,56,106,3
1342,2025-06-21,33,101,1
1343,2025-04-19,30,110,3
1344,2025-05-10,3,105,3
1345,2025-02-19,6,103,2
1346,2025-06-21,67,108,2
1347,2025-02-09,24,110,2
1348,2025-04-30,82,108,1
1349,2025-04-25,61,106,2
1350,2025-06-28,43,106,3
1351,2025-04-08,14,103,2
1352,2025-05-07,53,108,2
1353,2025-05-23,85,107,3
1354,2025-02-18,5,108,1
1355,2025-04-25,41,105,2
1356,2025-05-05,15,107,3
1357,2025-03-12,1,109,2
1358,2025-05-27,53,101,1
1359,2025-02-05,67,106,3
1360,2025-06-18,97,108,3
1361,2025-06-29,57,101,1
1362,2025-07-23,35,109,1
1363,2025-07-15,37,108,3
1364,2025-06-04,63,102,1
1365,2025-05-09,81,110,1
1366,2025-03-27,91,103,2
1367,2025-04-26,71,101,3
1368,2025-06-01,53,102,1
1369,2025-02-03,15,108,1
1370,2025-02-08,83,103,2
1371,2025-05-01,92,105,3
1372,2025-07-11,91,105,2
1373,2025-04-15,62,108,1
1374,2025-04-20,59,109,1
1375,2025-06-10,50,104,3
1376,2025-02-17,66,103,1
1377,2025-05-03,36,107,2
1378,2025-06-15,65,105,1
1379,2025-07-23,37,105,3
1380,2025-04-24,75,108,1
1381,2025-02-11,58,109,2
1382,2025-07-21,45,106,3
1383,2025-02-12,98,109,2
1384,2025-03-31,59,106,1
1385,2025-05-26,90,104,3
1386,2025-02-25,50,104,2
1387,2025-02-09,6,106,3
1388,2025-02-21,61,107,2
1389,2025-03-22,85,103,2
1390,2025-05-29,5,103,3
1391,2025-05-30,76,106,1
1392,2025-05-21,57,102,3
1393,2025-05-14,59,101,3
1394,2025-06-15,19,107,3
1395,2025-04-01,20,102,2
1396,2025-04-11,34,106,3
1397,2025-05-24,89,107,3
1398,2025-05-11,11,106,3
1399,2025-03-26,69,107,2
1400,2025-04-26,81,108,3
1401,2025-05-06,5,110,1
1402,2025-05-25,31,105,1
1403,2025-04-21,96,102,2
1404,2025-02-16,13,102,2
1405,2025-07-01,22,105,1
1406,2025-06-13,6,106,1
1407,2025-02-19,38,106,2
1408,2025-07-12,56,103,1
1409,2025-06-04,68,107,3
1410,2025-06-03,88,103,1
1411,2025-07-17,23,102,3
1412,2025-06-26,49,110,3
1413,2025-05-15,31,108,3
1414,2025-06-16,19,104,2
1415,2025-07-15,82,105,2
1416,2025-03-10,33,101,2
1417,2025-04-21,37,109,1
1418,2025-04-25,10,108,2
1419,2025-07-19,76,105,3
1420,2025-03-13,55,105,2
1421,2025-04-18,39,104,2
1422,2025-04-03,62,102,1
1423,2025-07-07,49,110,2
1424,2025-04-26,74,105,3
1425,2025-04-15,38,101,3
1426,2025-04-18,51,105,1
1427,2025-06-18,73,101,3
1428,2025-02-15,96,108,2
1429,2025-03-29,100,104,3
1430,2025-04-20,46,104,3
1431,2025-03-29,25,110,2
1432,2025-06-06,87,103,3
1433,2025-03-18,13,101,2
1434,2025-04-10,57,101,3
1435,2025-02-26,47,103,1
1436,2025-06-10,38,106,3
1437,2025-07-26,54,103,1
1438,2025-04-30,17,109,2
1439,2025-02-10,68,109,2
1440,2025-02-14,22,105,2
1441,2025-07-08,38,106,1
1442,2025-02-13,60,102,1
1443,2025-02-15,97,104,3
1444,2025-04-21,93,107,3
1445,2025-02-15,47,102,2
1446,2025-06-21,2,105,3
1447,2025-06-20,16,108,2
1448,2025-04-10,87,105,3
1449,2025-07-04,49,106,1
1450,2025-02-22,87,104,2
1451,2025-05-16,4,110,3
1452,2025-02-08,42,110,1
1453,2025-05-21,83,102,3
1454,2025-05-17,60,105,3
1455,2025-05-17,53,102,1
1456,2025-04-02,6,101,2
1457,2025-06-07,64,102,1
1458,2025-02-20,31,109,1
1459,2025-04-17,50,108,2
1460,2025-04-06,86,109,2
1461,2025-07-16,76,103,2
1462,2025-06-06,84,102,2
1463,2025-07-29,79,107,2
1464,2025-06-22,5,106,1
1465,2025-04-20,57,108,1
1466,2025-07-15,47,102,3
1467,2025-07-24,48,109,3
1468,2025-06-17,46,101,2
1469,2025-02-06,36,104,1
1470,2025-03-24,59,102,3
1471,2025-05-24,28,110,1
1472,2025-03-29,7,106,1
1473,2025-04-06,17,110,1
1474,2025-02-17,9,109,1
1475,2025-05-20,76,104,1
1476,2025-05-06,43,103,3
1477,2025-03-10,1,105,1
1478,2025-02-27,17,109,2
1479,2025-06-04,23,102,3
1480,2025-05-01,4,103,1
1481,2025-03-12,46,104,3
1482,2025-07-11,42,101,1
1483,2025-02-18,34,101,1
1484,2025-04-05,95,107,3
1485,2025-07-11,15,102,2
1486,2025-05-16,58,106,3
1487,2025-04-09,76,102,2
1488,2025-02-19,65,104,3
1489,2025-06-25,6,109,2
1490,2025-03-23,59,101,1
1491,2025-05-19,62,107,2
1492,2025-03-12,88,102,2
1493,2025-07-03,92,108,1
1494,2025-04-21,11,106,3
1495,2025-07-11,19,102,1
1496,2025-05-16,36,110,3
1497,2025-06-26,75,109,3
1498,2025-07-05,42,107,3
1499,2025-05-28,68,105,2
1500,2025-05-27,65,110,2
1501,2025-06-08,13,102,3
1502,2025-06-01,84,109,3
1503,2025-05-16,28,107,2
1504,2025-02-02,30,107,2
1505,2025-05-26,59,107,2
1506,2025-07-27,94,102,2
1507,2025-06-04,55,106,3
1508,2025-07-08,33,106,1
1509,2025-06-11,88,108,1
1510,2025-03-20,12,102,1
1511,2025-02-02,56,102,3
1512,2025-03-04,95,106,1
1513,2025-03-22,72,101,3
1514,2025-06-13,72,109,2
1515,2025-06-25,86,102,2
1516,2025-03-28,46,107,3
1517,2025-07-25,7,105,3
1518,2025-04-03,40,106,1
1519,2025-04-06,74,109,1
1520,2025-01-29,20,108,1
1521,2025-03-04,14,106,3
1522,2025-07-15,48,102,2
1523,2025-02-24,74,104,2
1524,2025-05-17,72,110,3
1525,2025-06-04,87,109,1
1526,2025-04-15,78,105,1
1527,2025-02-10,24,105,3
1528,2025-02-24,98,105,2
1529,2025-06-20,45,101,1
1530,2025-05-30,19,110,3
1531,2025-02-02,52,102,1
1532,2025-02-14,95,101,1
1533,2025-06-21,96,109,1
1534,2025-05-11,49,107,2
1535,2025-03-10,44,103,2
1536,2025-04-11,40,106,3
1537,2025-04-19,77,102,1
1538,2025-04-26,20,103,3
1539,2025-04-04,7,102,2
1540,2025-02-27,57,107,2
1541,2025-04-09,78,108,2
1542,2025-03-29,35,104,3
1543,2025-06-17,15,106,2
1544,2025-03-31,15,105,3
1545,2025-06-27,87,110,2
1546,2025-07-29,68,105,1
1547,2025-05-18,29,107,3
1548,2025-05-23,8,101,1
1549,2025-02-13,39,104,1
1550,2025-07-18,98,105,2
1551,2025-02-07,42,102,1
1552,2025-02-27,64,107,1
1553,2025-02-27,17,107,3
1554,2025-06-23,91,104,3
1555,2025-05-27,72,106,1
1556,2025-02-06,51,101,2
1557,2025-06-07,3,108,1
1558,2025-02-12,41,110,2
1559,2025-03-21,74,107,3
1560,2025-04-24,82,107,2
1561,2025-06-05,15,107,1
1562,2025-04-20,42,103,3
1563,2025-05-02,59,106,1
1564,2025-05-25,56,102,1
1565,2025-04-23,56,110,2
1566,2025-04-18,68,102,2
1567,2025-03-22,40,106,1
1568,2025-03-10,43,103,1
1569,2025-06-23,66,102,3
1570,2025-05-07,66,104,2
1571,2025-02-19,45,103,1
1572,2025-04-05,14,103,2
1573,2025-04-21,26,103,3
1574,2025-02-18,20,102,1
1575,2025-03-24,99,108,2
1576,2025-06-08,97,110,3
1577,2025-06-08,58,110,3
1578,2025-05-23,82,110,2
1579,2025-05-02,81,106,1
1580,2025-05-10,57,102,2
1581,2025-06-06,57,105,2
1582,2025-03-28,76,101,2
1583,2025-02-05,65,102,2
1584,2025-03-11,60,108,1
1585,2025-04-14,8,106,2
1586,2025-05-24,10,102,3
1587,2025-02-07,77,109,2
1588,2025-01-29,60,110,3
1589,2025-03-08,95,101,2
1590,2025-03-27,74,104,2
1591,2025-03-10,78,108,3
1592,2025-06-26,20,101,2
1593,2025-02-23,14,106,3
1594,2025-06-25,11,109,3
1595,2025-03-18,23,101,1
1596,2025-03-25,91,108,2
1597,2025-04-01,68,109,3
1598,2025-02-20,21,106,2
1599,2025-01-29,37,107,2
1600,2025-05-04,100,106,3
1601,2025-06-22,77,101,3
1602,2025-04-21,83,106,1
1603,2025-03-03,43,102,3
1604,2025-02-22,87,107,2
1605,2025-04-11,33,110,1
1606,2025-05-11,43,102,3
1607,2025-06-13,85,103,2
1608,2025-03-13,40,107,1
1609,2025-05-05,77,102,2
1610,2025-05-16,72,107,3
1611,2025-07-08,43,103,3
1612,2025-06-06,90,109,1
1613,2025-07-03,83,107,3
1614,2025-04-06,47,101,2
1615,2025-02-10,40,103,1
1616,2025-04-15,44,108,1
1617,2025-07-14,29,103,1
1618,2025-06-21,10,105,1
1619,2025-02-05,65,109,3
1620,2025-04-22,68,101,3
1621,2025-01-31,44,110,1
1622,2025-04-27,77,107,1
1623,2025-07-25,21,103,3
1624,2025-02-12,99,110,1
1625,2025-07-14,93,108,1
1626,2025-03-29,53,106,3
1627,2025-05-19,93,104,2
1628,2025-04-21,79,105,3
1629,2025-05-19,58,104,3
1630,2025-04-16,31,105,2
1631,2025-06-14,25,106,3
1632,2025-06-01,74,108,2
1633,2025-04-19,99,105,2
1634,2025-03-25,65,109,2
1635,2025-02-19,21,104,3
1636,2025-04-16,18,105,1
1637,2025-02-01,83,108,2
1638,2025-04-01,71,102,3
1639,2025-03-02,67,102,2
1640,2025-07-02,11,103,2
1641,2025-05-28,58,109,1
1642,2025-04-27,56,102,1
1643,2025-07-08,58,106,1
1644,2025-06-10,54,101,2
1645,2025-07-25,65,106,1
1646,2025-04-08,50,102,2
1647,2025-02-14,29,101,2
1648,2025-04-22,13,106,1
1649,2025-07-10,18,101,2
1650,2025-02-17,61,103,3
1651,2025-03-16,61,108,3
1652,2025-04-22,1,102,1
1653,2025-05-22,33,104,1
1654,2025-04-15,71,110,3
1655,2025-05-09,55,102,2
1656,2025-02-12,31,105,1
1657,2025-04-14,7,104,2
1658,2025-07-16,82,110,2
1659,2025-03-29,9,102,2
1660,2025-06-21,77,109,1
1661,2025-04-03,81,109,3
1662,2025-03-12,31,103,2
1663,2025-04-02,55,101,3
1664,2025-06-28,46,104,3
1665,2025-03-01,54,103,3
1666,2025-02-11,86,102,3
1667,2025-05-07,47,102,3
1668,2025-05-30,70,109,3
1669,2025-02-19,71,101,2
1670,2025-05-11,61,101,3
1671,2025-05-07,50,106,2
1672,2025-03-06,96,101,2
1673,2025-07-22,9,106,1
1674,2025-06-27,94,102,3
1675,2025-04-05,95,106,1
1676,2025-04-06,6,106,3
1677,2025-06-18,44,103,3
1678,2025-07-06,60,108,3
1679,2025-06-02,24,103,1
1680,2025-07-05,92,108,1
1681,2025-02-25,38,104,1
1682,2025-03-14,26,101,2
1683,2025-02-16,40,109,2
1684,2025-02-25,70,108,2
1685,2025-03-18,5,104,2
1686,2025-03-07,46,101,3
1687,2025-03-02,43,105,1
1688,2025-05-24,48,107,2
1689,2025-02-26,96,108,2
1690,2025-06-24,44,103,2
1691,2025-06-24,89,108,2
1692,2025-06-04,67,105,1
1693,2025-02-11,94,107,1
1694,2025-03-03,56,110,1
1695,2025-06-27,70,105,2
1696,2025-05-29,14,102,2
1697,2025-05-03,85,105,2
1698,2025-04-28,58,110,3
1699,2025-06-23,55,103,3
1700,2025-05-17,57,106,2
1701,2025-06-24,6,106,3
1702,2025-05-20,56,105,3
1703,2025-04-25,8,102,3
1704,2025-06-09,82,107,2
1705,2025-07-26,66,103,1
1706,2025-07-18,19,110,3
1707,2025-05-17,57,101,1
1708,2025-06-01,9,104,3
1709,2025-05-31,47,106,2
1710,2025-05-29,73,101,3
1711,2025-03-31,20,108,2
1712,2025-07-14,48,108,1
1713,2025-05-29,74,103,3
1714,2025-03-30,47,107,2
1715,2025-02-26,84,105,1
1716,2025-04-23,15,101,3
1717,2025-02-10,24,108,3
1718,2025-04-29,50,109,1
1719,2025-04-23,34,105,3
1720,2025-05-30,58,104,3
1721,2025-03-27,37,108,1
1722,2025-07-01,16,103,1
1723,2025-03-22,58,103,3
1724,2025-05-22,57,102,3
1725,2025-02-07,41,106,3
1726,2025-04-06,9,109,3
1727,2025-05-06,38,105,1
1728,2025-02-11,92,103,2
1729,2025-03-29,66,104,1
1730,2025-04-27,26,103,1
1731,2025-04-25,64,101,2
1732,2025-02-04,71,110,2
1733,2025-02-08,60,109,1
1734,2025-04-09,79,102,1
1735,2025-07-08,40,107,3
1736,2025-03-24,93,108,3
1737,2025-02-11,53,107,3
1738,2025-06-02,10,103,2
1739,2025-07-14,83,102,2
1740,2025-07-13,60,109,2
1741,2025-02-14,17,109,3
1742,2025-05-27,76,103,1
1743,2025-05-23,56,109,1
1744,2025-05-06,16,109,1
1745,2025-04-12,39,103,1
1746,2025-04-27,42,104,2
1747,2025-05-20,67,105,1
1748,2025-05-15,33,104,3
1749,2025-06-30,71,105,1
1750,2025-06-20,81,105,3
1751,2025-07-20,69,102,3
1752,2025-02-04,83,103,3
1753,2025-04-25,75,103,1
1754,2025-07-23,85,110,3
1755,2025-07-04,78,106,3
1756,2025-05-19,6,101,1
1757,2025-06-03,6,110,2
1758,2025-03-05,84,104,3
1759,2025-03-31,54,110,3
1760,2025-05-25,4,108,3
1761,2025-04-30,70,105,3
1762,2025-05-05,39,108,1
1763,2025-02-26,88,107,2
1764,2025-02-09,59,102,3
1765,2025-04-25,8,103,2
1766,2025-02-17,54,108,2
1767,2025-07-04,27,106,3
1768,2025-07-21,19,106,3
1769,2025-07-09,41,106,2
1770,2025-04-04,17,106,3
1771,2025-06-15,72,102,2
1772,2025-02-13,31,108,1
1773,2025-05-05,35,108,1
1774,2025-06-02,19,102,1
1775,2025-03-02,38,107,3
1776,2025-02-04,54,104,1
1777,2025-03-17,42,110,3
1778,2025-06-14,41,104,1
1779,2025-04-23,64,109,2
1780,2025-04-23,64,105,2
1781,2025-05-09,3,102,2
1782,2025-05-09,65,108,1
1783,2025-05-26,28,110,2
1784,2025-02-27,7,101,2
1785,2025-04-08,64,110,3
1786,2025-04-10,87,108,2
1787,2025-07-25,69,101,1
1788,2025-03-23,56,103,2
1789,2025-04-13,94,106,2
1790,2025-04-17,47,101,2
1791,2025-06-27,7,110,3
1792,2025-04-03,25,106,3
1793,2025-06-08,37,102,2
1794,2025-05-24,65,108,3
1795,2025-02-07,36,110,3
1796,2025-06-30,79,102,1
1797,2025-05-30,13,107,2
1798,2025-06-02,44,109,2
1799,2025-04-02,97,103,1
1800,2025-02-09,78,109,2
1801,2025-04-02,65,101,1
1802,2025-02-15,5,103,3
1803,2025-05-16,43,108,3
1804,2025-06-08,59,103,3
1805,2025-04-13,66,103,2
1806,2025-03-24,79,106,1
1807,2025-03-17,51,110,3
1808,2025-06-17,39,110,2
1809,2025-07-12,65,109,3
1810,2025-06-04,63,110,2
1811,2025-07-22,61,101,2
1812,2025-05-25,43,102,2
1813,2025-07-16,75,105,3
1814,2025-02-26,89,101,3
1815,2025-04-02,61,105,3
1816,2025-02-12,100,110,3
1817,2025-05-21,30,101,3
1818,2025-06-05,62,103,3
1819,2025-02-24,81,110,2
1820,2025-07-25,19,104,1
1821,2025-04-05,74,102,1
1822,2025-03-29,3,108,2
1823,2025-06-04,54,103,2
1824,2025-06-12,89,104,2
1825,2025-06-05,65,110,2
1826,2025-04-14,95,101,3
1827,2025-02-22,18,109,1
1828,2025-05-23,72,106,3
1829,2025-06-14,62,109,2
1830,2025-07-29,41,103,2
1831,2025-02-13,69,106,3
1832,2025-03-29,46,105,3
1833,2025-05-16,62,104,1
1834,2025-04-11,36,109,2
1835,2025-06-01,29,105,2
1836,2025-06-30,91,104,3
1837,2025-04-01,91,108,2
1838,2025-07-04,62,106,3
1839,2025-02-21,93,105,2
1840,2025-06-07,16,110,3
1841,2025-06-13,70,107,2
1842,2025-07-07,45,103,2
1843,2025-06-20,6,105,3
1844,2025-06-10,11,106,2
1845,2025-07-24,84,105,3
1846,2025-05-10,62,104,1
1847,2025-02-15,69,105,3
1848,2025-06-02,90,105,1
1849,2025-06-07,14,110,3
1850,2025-04-20,76,104,1
1851,2025-05-06,7,109,1
1852,2025-04-08,82,104,1
1853,2025-01-31,13,107,2
1854,2025-04-08,92,108,1
1855,2025-03-28,88,103,1
1856,2025-03-04,71,103,2
1857,2025-03-10,84,108,2
1858,2025-04-04,84,104,2
1859,2025-06-25,42,105,3
1860,2025-05-02,8,102,3
1861,2025-03-06,74,104,3
1862,2025-03-12,95,101,1
1863,2025-02-23,54,103,1
1864,2025-02-27,51,108,1
1865,2025-02-11,96,105,1
1866,2025-03-26,2,105,3
1867,2025-07-10,78,102,2
1868,2025-06-30,37,108,3
1869,2025-02-16,70,109,2
1870,2025-05-06,18,109,2
1871,2025-06-26,35,104,1
1872,2025-05-12,43,103,3
1873,2025-07-09,59,105,3
1874,2025-06-20,24,101,3
1875,2025-07-18,44,105,3
1876,2025-05-10,87,104,1
1877,2025-02-04,79,107,2
1878,2025-06-05,66,106,1
1879,2025-04-03,52,102,1
1880,2025-07-17,18,108,2
1881,2025-06-25,32,101,2
1882,2025-05-28,50,104,2
1883,2025-02-22,97,105,2
1884,2025-05-23,39,110,3
1885,2025-04-11,74,101,2
1886,2025-02-26,84,106,3
1887,2025-02-28,31,101,3
1888,2025-03-04,16,108,2
1889,2025-07-08,21,107,3
1890,2025-06-11,65,105,3
1891,2025-06-26,16,105,2
1892,2025-05-29,79,104,1
1893,2025-07-04,18,108,1
1894,2025-07-22,59,110,2
1895,2025-03-01,54,109,2
1896,2025-06-17,97,109,3
1897,2025-04-22,28,104,3
1898,2025-02-05,97,110,1
1899,2025-04-17,68,108,3
1900,2025-04-08,91,106,1
1901,2025-06-08,73,102,1
1902,2025-06-16,71,109,1
1903,2025-03-15,74,109,1
1904,2025-04-24,22,106,3
1905,2025-05-26,57,102,3
1906,2025-03-24,27,110,2
1907,2025-06-23,12,109,2
1908,2025-06-22,8,108,1
1909,2025-06-29,66,107,2
1910,2025-04-25,73,101,3
1911,2025-03-14,60,105,3
1912,2025-05-11,3,107,2
1913,2025-03-15,1,104,3
1914,2025-03-29,10,101,2
1915,2025-07-04,45,102,3
1916,2025-06-29,8,102,2
1917,2025-04-29,5,105,2
1918,2025-07-22,24,103,3
1919,2025-07-09,94,107,2
1920,2025-03-06,49,108,2
1921,2025-04-09,49,102,3
1922,2025-06-08,85,109,1
1923,2025-05-18,84,106,1
1924,2025-04-23,23,109,2
1925,2025-04-27,68,103,3
1926,2025-06-26,29,101,1
1927,2025-03-23,39,108,3
1928,2025-06-28,93,109,2
1929,2025-04-12,69,107,1
1930,2025-05-05,32,108,2
1931,2025-05-10,20,105,1
1932,2025-04-19,93,102,1
1933,2025-02-28,85,107,3
1934,2025-07-05,99,101,1
1935,2025-03-07,27,102,1
1936,2025-07-02,77,101,2
1937,2025-05-25,77,101,1
1938,2025-02-23,95,101,2
1939,2025-07-16,57,104,3
1940,2025-03-17,28,101,1
1941,2025-02-07,65,105,1
1942,2025-06-01,94,110,2
1943,2025-05-01,74,110,3
1944,2025-07-16,42,104,2
1945,2025-04-10,19,109,1
1946,2025-05-15,53,105,2
1947,2025-07-28,8,109,3
1948,2025-02-16,95,103,3
1949,2025-06-15,87,107,3
1950,2025-07-11,64,101,2
1951,2025-05-08,83,107,3
1952,2025-07-12,41,107,2
1953,2025-02-21,20,105,2
1954,2025-03-24,24,109,2
1955,2025-02-13,31,104,2
1956,2025-06-25,91,103,2
1957,2025-02-28,8,109,2
1958,2025-03-21,54,109,3
1959,2025-04-25,18,107,1
1960,2025-07-22,33,104,2
1961,2025-05-07,83,102,2
1962,2025-02-25,48,102,3
1963,2025-07-08,93,104,1
1964,2025-04-22,35,107,3
1965,2025-02-14,78,110,1
1966,2025-07-23,10,104,3
1967,2025-03-12,93,109,1
1968,2025-07-05,62,104,2
1969,2025-04-25,39,101,1
1970,2025-07-18,25,102,3
1971,2025-04-05,97,108,1
1972,2025-07-27,90,110,3
1973,2025-02-02,27,107,1
1974,2025-04-18,71,106,2
1975,2025-02-07,49,108,3
1976,2025-04-14,84,106,2
1977,2025-05-05,34,106,3
1978,2025-04-10,64,108,1
1979,2025-03-14,93,108,2
1980,2025-04-12,27,106,2
1981,2025-02-12,53,101,3
1982,2025-04-10,29,103,1
1983,2025-03-12,34,109,3
1984,2025-02-02,75,107,2
1985,2025-03-30,20,104,2
1986,2025-07-27,30,107,3
1987,2025-02-16,32,108,3
1988,2025-07-09,84,106,2
1989,2025-06-15,98,108,3
1990,2025-06-03,83,108,2
1991,2025-04-03,22,106,1
1992,2025-06-30,18,109,2
1993,2025-02-25,24,109,3
1994,2025-02-23,8,109,1
1995,2025-02-04,10,101,1
1996,2025-03-24,53,103,3
1997,2025-07-25,30,102,3
1998,2025-07-08,20,101,1
1999,2025-04-29,65,108,2
